Molecule ChEMBL ID,Standard Value
CHEMBL3916358,6.2
CHEMBL4112445,3.2
CHEMBL4108001,6.5
CHEMBL4115184,4.0
CHEMBL4112745,10.0
CHEMBL4109693,2.9
CHEMBL4109109,13.7
CHEMBL3929809,1.9
CHEMBL3953510,6.8
CHEMBL4115327,8.1
CHEMBL4114375,3.7
CHEMBL3911745,4.6
CHEMBL3950081,199.0
CHEMBL3919786,2.2
CHEMBL3894101,9.1
CHEMBL4106513,13.5
CHEMBL4107861,6.0
CHEMBL4452521,59.0
CHEMBL3919932,455.0
CHEMBL3952937,43.0
CHEMBL3622517,43.0
CHEMBL4070515,52.3
CHEMBL4104133,2087.0
CHEMBL4079243,12.1
CHEMBL4071526,1.9
CHEMBL4109321,757.0
CHEMBL3925654,2.7
CHEMBL4109337,8.9
CHEMBL4066705,0.1
CHEMBL3981389,1000.0
CHEMBL3944066,1000.0
CHEMBL403433,7.0
CHEMBL256733,49.0
CHEMBL256513,1300.0
CHEMBL4225923,380.0
CHEMBL4108325,1.6
CHEMBL4112293,4.0
CHEMBL3590474,0.3
CHEMBL3590475,14.0
CHEMBL3908035,6.3
CHEMBL4115569,9.3
CHEMBL3931392,2.6
CHEMBL3933400,3.9
CHEMBL3634512,0.5
CHEMBL3950330,4.9
CHEMBL4111778,4.3
CHEMBL3902784,6.5
CHEMBL4109159,18.4
CHEMBL4112222,4.3
CHEMBL3971510,4.0
CHEMBL4113759,4.9
CHEMBL4110921,13.0
CHEMBL4111625,27.0
CHEMBL4107435,620.0
CHEMBL4113480,324.0
CHEMBL4114411,8.2
CHEMBL2018065,1060.0
CHEMBL3403443,104.0
CHEMBL4089510,14600.0
CHEMBL4075955,5.0
CHEMBL4075758,10.0
CHEMBL4081502,120.0
CHEMBL3921461,7915.0
CHEMBL4061227,16.0
CHEMBL3353209,100.0
CHEMBL482708,400.0
CHEMBL3958433,100.0
CHEMBL3895793,8.0
CHEMBL3922358,100.0
CHEMBL4107242,5.7
CHEMBL4111047,10.0
CHEMBL4293161,7762.47
CHEMBL4110755,545.0
CHEMBL4544284,3000.0
CHEMBL4554579,330.0
CHEMBL4111327,296.4
CHEMBL4110006,4260.0
CHEMBL4103497,28.4
CHEMBL4096446,3.0
CHEMBL4091329,7400.0
CHEMBL4087705,410.0
CHEMBL3899446,100.0
CHEMBL3950656,2.0
CHEMBL3937613,124.0
CHEMBL4113091,10.9
CHEMBL4112091,9.0
CHEMBL4110923,94.0
CHEMBL4283453,676.08
CHEMBL3960714,14.7
CHEMBL3901098,100.0
CHEMBL3926498,1000.0
CHEMBL3956279,14.8
CHEMBL4439748,34.0
CHEMBL4439748,1.0
CHEMBL3945366,17.0
CHEMBL3918080,8.6
CHEMBL4107958,42.0
CHEMBL3586484,1000.0
CHEMBL1929238,30000.0
CHEMBL4115147,71.0
CHEMBL4115180,5.4
CHEMBL4107960,13.5
CHEMBL4110170,12.5
CHEMBL3923081,17.2
CHEMBL4108032,8.2
CHEMBL3985063,6.3
CHEMBL4112913,1.6
CHEMBL4106539,42.0
CHEMBL4107000,345.0
CHEMBL4107488,258.0
CHEMBL3586508,100.0
CHEMBL3932967,100.0
CHEMBL3586504,100.0
CHEMBL3953153,16.0
CHEMBL3905839,14.8
CHEMBL3946114,4.1
CHEMBL3970192,7.3
CHEMBL3957369,1000.0
CHEMBL4107284,1.9
CHEMBL3634616,9.0
CHEMBL3634514,1.0
CHEMBL3909749,7.9
CHEMBL3927743,6.3
CHEMBL4115348,20.0
CHEMBL4106994,20.0
CHEMBL4107634,201.0
CHEMBL3945694,100.0
CHEMBL4111179,49.0
CHEMBL4107356,30.0
CHEMBL4245507,10000.0
CHEMBL3939426,23.0
CHEMBL3962393,100.0
CHEMBL3929326,1521.0
CHEMBL3981799,1000.0
CHEMBL3980732,1000.0
CHEMBL3934792,1000.0
CHEMBL3586500,1000.0
CHEMBL4108668,15.0
CHEMBL3353203,14.0
CHEMBL4108289,82.0
CHEMBL3634383,0.2
CHEMBL3586498,100.0
CHEMBL3586490,1000.0
CHEMBL3921423,1000.0
CHEMBL4115266,19.4
CHEMBL4114035,575.0
CHEMBL4061890,5.9
CHEMBL3622184,635.0
CHEMBL3353188,0.36
CHEMBL4088523,390.0
CHEMBL4104005,19.0
CHEMBL3944326,437.0
CHEMBL4060511,3.0
CHEMBL4087971,17.0
CHEMBL4114127,9.9
CHEMBL4107677,4.8
CHEMBL3953023,6.5
CHEMBL4113443,3.4
CHEMBL4083650,7.0
CHEMBL3403445,410.0
CHEMBL4447648,30.0
CHEMBL3980091,100.0
CHEMBL3936754,100.0
CHEMBL4088438,140.0
CHEMBL4082572,32.0
CHEMBL4099061,16.0
CHEMBL4111508,2500.0
CHEMBL4106984,60.0
CHEMBL254546,700.0
CHEMBL4112749,1791.0
CHEMBL4107129,23.0
CHEMBL1990583,340.0
CHEMBL4112492,97.0
CHEMBL4113697,47.0
CHEMBL3960645,150.0
CHEMBL4581832,61.0
CHEMBL4108483,656.0
CHEMBL4107784,5900.0
CHEMBL3403436,830.0
CHEMBL3353202,6.0
CHEMBL3902218,541.0
CHEMBL3979957,91.0
CHEMBL3905639,3.1
CHEMBL4115028,32.0
CHEMBL3968759,100.0
CHEMBL4110266,8.0
CHEMBL3590478,9.0
CHEMBL3586497,1000.0
CHEMBL3983202,2000.0
CHEMBL3586488,100.0
CHEMBL4110843,8300.0
CHEMBL3910622,4.4
CHEMBL4114551,3.6
CHEMBL3958341,10.0
CHEMBL4107733,2.5
CHEMBL3984250,3.7
CHEMBL4112863,3.9
CHEMBL3973551,1000.0
CHEMBL3914414,100.0
CHEMBL3353207,100.0
CHEMBL4110840,2.3
CHEMBL3917759,4.7
CHEMBL3951642,1459.0
CHEMBL3927810,1503.0
CHEMBL3972693,1000.0
CHEMBL3983893,103.0
CHEMBL3941333,2452.0
CHEMBL3980058,10.3
CHEMBL3961753,100.0
CHEMBL3919571,72.0
CHEMBL3909398,1000.0
CHEMBL3914760,1000.0
CHEMBL3936302,100.0
CHEMBL3890992,1000.0
CHEMBL3969956,1000.0
CHEMBL3975331,100.0
CHEMBL4111712,8.4
CHEMBL3965756,16.0
CHEMBL3916291,5885.0
CHEMBL3909014,100.0
CHEMBL4583622,840.0
CHEMBL3931124,100.0
CHEMBL3895108,127.0
CHEMBL4108188,8.7
CHEMBL3942465,1000.0
CHEMBL3936608,1000.0
CHEMBL3926793,1000.0
CHEMBL3900598,1000.0
CHEMBL3936244,1000.0
CHEMBL408383,1000.0
CHEMBL402361,8.0
CHEMBL402629,6.0
CHEMBL3980194,100.0
CHEMBL3898449,1000.0
CHEMBL3971655,1000.0
CHEMBL3899862,82.0
CHEMBL3967389,1000.0
CHEMBL258233,1134.0
CHEMBL402080,126.0
CHEMBL258004,35.0
CHEMBL402104,10000.0
CHEMBL257127,350.0
CHEMBL404514,1200.0
CHEMBL256504,19.0
CHEMBL436653,3.0
CHEMBL255935,208.0
CHEMBL404142,535.0
CHEMBL3942983,107.0
CHEMBL3975753,122.0
CHEMBL3921515,1000.0
CHEMBL3980126,100.0
CHEMBL3896014,640.0
CHEMBL3953542,107.0
CHEMBL3941034,149.0
CHEMBL3974716,2.8
CHEMBL4111162,1.3
CHEMBL4111587,1.6
CHEMBL4110079,4.7
CHEMBL4110250,3.8
CHEMBL4110814,1.9
CHEMBL4108627,2.1
CHEMBL3958341,10.0
CHEMBL3938325,6.7
CHEMBL4108248,5.5
CHEMBL3927286,100.0
CHEMBL3943097,10.0
CHEMBL4111218,2.0
CHEMBL3921310,100.0
CHEMBL3915439,100.0
CHEMBL4108818,3.0
CHEMBL4114980,1.8
CHEMBL4115333,6.8
CHEMBL4113144,1.9
CHEMBL4110413,8.6
CHEMBL4108900,3.0
CHEMBL3403430,20000.0
CHEMBL3622522,258.0
CHEMBL4083655,1.3
CHEMBL4086222,71.9
CHEMBL4096351,3600.0
CHEMBL4105582,9000.0
CHEMBL2022379,1142.0
CHEMBL3622187,1688.0
CHEMBL3622526,450.0
CHEMBL4109312,1.8
CHEMBL3920819,11.6
CHEMBL3954007,7.1
CHEMBL3403440,16.0
CHEMBL4109646,1.4
CHEMBL3895223,1.9
CHEMBL3958699,3.3
CHEMBL4110840,2.2
CHEMBL3930830,6.3
CHEMBL3403435,20000.0
CHEMBL255235,6900.0
CHEMBL4109783,1.9
CHEMBL4113245,7.5
CHEMBL3926706,2.0
CHEMBL4115485,2.2
CHEMBL4110597,5.1
CHEMBL4113330,12.6
CHEMBL4111230,1.4
CHEMBL3982186,5.4
CHEMBL3932579,8.3
CHEMBL3912832,5.3
CHEMBL3922192,5.6
CHEMBL3925644,3.5
CHEMBL4115604,8.9
CHEMBL4107752,1.6
CHEMBL4110545,1.7
CHEMBL4110464,1.3
CHEMBL4109266,1.5
CHEMBL4107426,2.4
CHEMBL4111435,5.3
CHEMBL4107049,9.1
CHEMBL3940416,7.5
CHEMBL4109707,3.2
CHEMBL3900741,11.6
CHEMBL4795391,36.2
CHEMBL3923198,3.5
CHEMBL3969520,3.6
CHEMBL3590435,110.0
CHEMBL3590516,0.5
CHEMBL2441273,3.981
CHEMBL4111872,1.8
CHEMBL3906627,1000.0
CHEMBL3981292,1000.0
CHEMBL4560045,30.0
CHEMBL3746678,234.0
CHEMBL3361253,5000.0
CHEMBL4107447,1.7
CHEMBL4107049,8.8
CHEMBL4115287,8.4
CHEMBL3403448,228000.0
CHEMBL3403432,20000.0
CHEMBL4089619,1552.0
CHEMBL4111603,5.9
CHEMBL3590491,3.0
CHEMBL4114139,4.8
CHEMBL4109623,2.7
CHEMBL4106606,4.2
CHEMBL3586498,2400.0
CHEMBL4088745,8.0
CHEMBL4098698,360.0
CHEMBL4071076,47.0
CHEMBL3938382,1029.0
CHEMBL3926214,1000.0
CHEMBL3586485,100.0
CHEMBL3966073,1000.0
CHEMBL3978719,9.0
CHEMBL378693,3000.0
CHEMBL4103497,1.3
CHEMBL4473472,294.0
CHEMBL258004,35.0
CHEMBL4518902,653.0
CHEMBL402174,15.0
CHEMBL256719,660.0
CHEMBL408077,8900.0
CHEMBL259213,7300.0
CHEMBL265923,3700.0
CHEMBL4081711,2.0
CHEMBL258024,497.0
CHEMBL485324,200.0
CHEMBL210682,6000.0
CHEMBL210821,8000.0
CHEMBL402295,225.0
CHEMBL404471,433.0
CHEMBL404472,1085.0
CHEMBL3355482,100000.0
CHEMBL142425,30000.0
CHEMBL4436128,910.0
CHEMBL4108348,26.0
CHEMBL4113028,3180.0
CHEMBL256942,166.0
CHEMBL402612,181.0
CHEMBL403210,95.0
CHEMBL256735,263.0
CHEMBL256717,420.0
CHEMBL4104915,22.0
CHEMBL403358,5.0
CHEMBL402344,545.0
CHEMBL403395,313.0
CHEMBL4113443,4.0
CHEMBL3969623,4.2
CHEMBL4109716,1271.0
CHEMBL3891604,1000.0
CHEMBL3971390,100.0
CHEMBL3968683,100.0
CHEMBL3968371,100.0
CHEMBL4108397,119.0
CHEMBL4112264,570.0
CHEMBL4108230,40.0
CHEMBL3895042,620.0
CHEMBL4566431,0.078
CHEMBL4113216,2500.0
CHEMBL4107142,2.5
CHEMBL3945726,2.0
CHEMBL3921524,2.8
CHEMBL3938709,13.4
CHEMBL3973484,10.6
CHEMBL4109209,1.2
CHEMBL4107813,1.4
CHEMBL3904382,2.4
CHEMBL4107813,2.5
CHEMBL4107813,1.6
CHEMBL4111656,3.6
CHEMBL4111310,4.4
CHEMBL3890756,3.1
CHEMBL3931358,300.0
CHEMBL3921034,2.5
CHEMBL3892469,6.7
CHEMBL3914088,20.1
CHEMBL4285338,331.13
CHEMBL4112197,5.7
CHEMBL3980538,2.8
CHEMBL4783351,1375.0
CHEMBL3634384,280.0
CHEMBL3634502,12.0
CHEMBL3977735,4.4
CHEMBL3922475,6.5
CHEMBL4109992,18.5
CHEMBL4064608,5.0
CHEMBL3915404,2.1
CHEMBL3947585,8.1
CHEMBL4093475,640.0
CHEMBL2022369,873.0
CHEMBL4280028,8910.0
CHEMBL4280028,8912.51
CHEMBL4097089,44.0
CHEMBL4063689,5.0
CHEMBL3938948,1000.0
CHEMBL3941465,100.0
CHEMBL4561018,1100.0
CHEMBL3586508,13.0
CHEMBL4436908,121.0
CHEMBL3586484,170.0
CHEMBL3586492,410.0
CHEMBL4467632,683.0
CHEMBL3960922,10.9
CHEMBL3601077,647.0
CHEMBL3586507,180.0
CHEMBL4091863,64.0
CHEMBL4096937,70.0
CHEMBL4091402,50.0
CHEMBL4069401,20.0
CHEMBL4473420,2677.0
CHEMBL4278882,21.88
CHEMBL4559589,202.0
CHEMBL4294023,15.49
CHEMBL4108900,4.8
CHEMBL4109920,2.3
CHEMBL4108474,1.5
CHEMBL4108248,1.5
CHEMBL4107168,7.9
CHEMBL4115151,1.6
CHEMBL4106842,1.7
CHEMBL4463551,5000.0
CHEMBL4114114,1.3
CHEMBL3962798,7.1
CHEMBL255446,7.0
CHEMBL403442,112.0
CHEMBL4280028,1190.0
CHEMBL4109973,1.6
CHEMBL3954542,14.4
CHEMBL4113174,99.0
CHEMBL4110300,1.8
CHEMBL4279192,758.0
CHEMBL4292700,13600.0
CHEMBL4101382,1600.0
CHEMBL4075955,300.0
CHEMBL4104915,340.0
CHEMBL4069200,3.0
CHEMBL4063689,140.0
CHEMBL3960537,37.0
CHEMBL3931955,476.0
CHEMBL3933253,1000.0
CHEMBL3912286,100.0
CHEMBL4067302,33.0
CHEMBL4079743,10.0
CHEMBL4099198,730.0
CHEMBL4073250,23.9
CHEMBL4076912,29.2
CHEMBL4071526,29.5
CHEMBL4084228,2.4
CHEMBL4072093,17.0
CHEMBL4097259,19.0
CHEMBL3601079,2.0
CHEMBL3601074,11.0
CHEMBL4115340,240.0
CHEMBL3601197,373.0
CHEMBL3601195,1140.0
CHEMBL3622524,2429.0
CHEMBL3621219,375.0
CHEMBL3622520,36.0
CHEMBL2178352,10000.0
CHEMBL3622517,43.0
CHEMBL3967712,4.7
CHEMBL4114212,6.8
CHEMBL4107792,1.5
CHEMBL3976685,2.0
CHEMBL3917045,18.4
CHEMBL4111288,1.3
CHEMBL4112117,5.8
CHEMBL3951794,10.5
CHEMBL4106835,5.4
CHEMBL3966110,5.1
CHEMBL4112848,4.5
CHEMBL3634506,0.5
CHEMBL3601076,12.0
CHEMBL3601190,341.0
CHEMBL3601073,12.0
CHEMBL3634505,7.0
CHEMBL3634509,0.4
CHEMBL3586488,99.0
CHEMBL3933496,1000.0
CHEMBL3353219,1.0
CHEMBL3353215,100.0
CHEMBL3353201,2.2
CHEMBL3353197,1.8
CHEMBL3403429,6850.0
CHEMBL3601199,11900.0
CHEMBL2018064,240.0
CHEMBL4104802,3.0
CHEMBL4089379,6.0
CHEMBL4075333,280.0
CHEMBL4097418,6.0
CHEMBL256713,17.0
CHEMBL3403428,20000.0
CHEMBL3403427,5190.0
CHEMBL3403433,20000.0
CHEMBL3403434,20000.0
CHEMBL2018071,20000.0
CHEMBL3586503,100.0
CHEMBL3980372,1000.0
CHEMBL4109926,69.0
CHEMBL3971606,8200.0
CHEMBL4108111,81.0
CHEMBL3910472,100.0
CHEMBL1938680,7500.0
CHEMBL3353209,100.0
CHEMBL3343040,30000.0
CHEMBL4109973,1.7
CHEMBL3353192,3.6
CHEMBL3361256,100.0
CHEMBL3343046,30000.0
CHEMBL4647594,
CHEMBL4064168,140.0
CHEMBL4093475,640.0
CHEMBL4086053,10000.0
CHEMBL4079194,56.0
CHEMBL3949312,1000.0
CHEMBL3974264,1000.0
CHEMBL3972812,1000.0
CHEMBL3586502,59.0
CHEMBL4648202,4.3
CHEMBL4107902,4.6
CHEMBL4556866,5.0
CHEMBL4438228,1600.0
CHEMBL3894314,15.3
CHEMBL4106742,1.5
CHEMBL4111593,9.2
CHEMBL3951721,5.3
CHEMBL3586495,47.0
CHEMBL4295137,4080.0
CHEMBL4294023,267.0
CHEMBL3946225,1000.0
CHEMBL3892227,1000.0
CHEMBL3967276,125.0
CHEMBL3922852,1000.0
CHEMBL3913498,1000.0
CHEMBL3586493,100.0
CHEMBL3899478,1000.0
CHEMBL3952093,1000.0
CHEMBL3343042,579.0
CHEMBL3590438,2.0
CHEMBL3590483,160.0
CHEMBL3590515,0.5
CHEMBL4079243,373.0
CHEMBL3907139,5.2
CHEMBL3921676,4.4
CHEMBL4108546,6.4
CHEMBL4107445,1.5
CHEMBL4107137,2.2
CHEMBL3586501,100.0
CHEMBL4110321,850.0
CHEMBL4081711,2.0
CHEMBL4109546,2.9
CHEMBL4473656,428.0
CHEMBL3601196,3452.0
CHEMBL4076912,2836.0
CHEMBL3403439,530.0
CHEMBL3403456,6000.0
CHEMBL3403457,300.0
CHEMBL3403431,20000.0
CHEMBL4101382,4.0
CHEMBL4107577,3.6
CHEMBL3973778,14.2
CHEMBL3403426,20000.0
CHEMBL4643871,2000.0
CHEMBL4075955,300.0
CHEMBL4633251,4500.0
CHEMBL4647567,10.0
CHEMBL4639599,
CHEMBL4641090,340.0
CHEMBL4471452,38.0
CHEMBL3601194,204.0
CHEMBL3601189,8.0
CHEMBL3601086,6008.0
CHEMBL3601081,18.0
CHEMBL4645407,320.0
CHEMBL4632511,
CHEMBL288441,574.0
CHEMBL4452662,5000.0
CHEMBL4530226,187.0
CHEMBL4452521,2.0
CHEMBL3590479,4.0
CHEMBL4113269,22.7
CHEMBL4111696,1.8
CHEMBL4107885,9.9
CHEMBL4115045,4.0
CHEMBL4473269,3.6
CHEMBL4294023,269.15
CHEMBL255272,70.0
CHEMBL4097847,4300.0
CHEMBL4295137,4073.8
CHEMBL4282412,98.0
CHEMBL3343047,30000.0
CHEMBL4073250,672.0
CHEMBL4790193,10000.0
CHEMBL4276955,69.18
CHEMBL3586491,2400.0
CHEMBL3621219,11.0
CHEMBL3343058,30000.0
CHEMBL3586505,100.0
CHEMBL3969090,100.0
CHEMBL3943605,1000.0
CHEMBL4085735,5.0
CHEMBL4285338,44.67
CHEMBL4283453,2344.23
CHEMBL4073229,2000.0
CHEMBL4114107,1.9
CHEMBL3940719,2.3
CHEMBL3898331,6.4
CHEMBL3899111,3.7
CHEMBL4110352,1.3
CHEMBL4112926,2.6
CHEMBL3586507,100.0
CHEMBL3343039,30000.0
CHEMBL403490,487.0
CHEMBL402079,1880.0
CHEMBL255439,3030.0
CHEMBL1270795,167.0
CHEMBL3906505,2.5
CHEMBL4584820,97.0
CHEMBL428598,10000.0
CHEMBL485323,3000.0
CHEMBL256963,6.0
CHEMBL255098,216.0
CHEMBL3341771,30000.0
CHEMBL3960442,100.0
CHEMBL3353203,14.0
CHEMBL3897625,1000.0
CHEMBL3975374,100.0
CHEMBL3946413,1710.0
CHEMBL4077863,5000.0
CHEMBL3586483,690.0
CHEMBL3586497,220.0
CHEMBL4535152,285.0
CHEMBL3952633,100.0
CHEMBL255873,4.0
CHEMBL207226,20000.0
CHEMBL4472816,730.0
CHEMBL4287208,602.56
CHEMBL4436754,401.0
CHEMBL414028,2800.0
CHEMBL260339,7200.0
CHEMBL4063689,5.0
CHEMBL254545,10000.0
CHEMBL4059689,20.0
CHEMBL4075948,170.0
CHEMBL4293607,21.38
CHEMBL4112525,2.5
CHEMBL4112384,1.1
CHEMBL3343055,30000.0
CHEMBL4078264,25.0
CHEMBL4059465,5.0
CHEMBL4521212,140.0
CHEMBL4452765,0.47
CHEMBL4282348,77.62
CHEMBL3343044,30000.0
CHEMBL3343038,30000.0
CHEMBL4649875,4.1
CHEMBL3915142,605.0
CHEMBL3915495,1000.0
CHEMBL4455718,160.0
CHEMBL3634509,3.0
CHEMBL3353198,50.0
CHEMBL3634501,140.0
CHEMBL3353220,8.0
CHEMBL3634503,34.0
CHEMBL3986856,1000.0
CHEMBL3950375,100.0
CHEMBL3735401,465.0
CHEMBL4787051,1000.0
CHEMBL3353193,3.5
CHEMBL3634512,12.0
CHEMBL3634514,13.0
CHEMBL3745885,10000.0
CHEMBL3634502,0.5
CHEMBL4559589,106.0
CHEMBL3353190,1.9
CHEMBL4109069,1.6
CHEMBL3895603,1.9
CHEMBL4094792,11.0
CHEMBL4098137,130.0
CHEMBL4526990,1449.0
CHEMBL4473269,170.0
CHEMBL4456286,84.0
CHEMBL3353187,21.0
CHEMBL4081711,0.2
CHEMBL3601082,20000.0
CHEMBL3353206,36.0
CHEMBL3919594,131.0
CHEMBL4068348,730.0
CHEMBL4065667,1800.0
CHEMBL3601075,7.0
CHEMBL3622512,18.0
CHEMBL2063926,10000.0
CHEMBL4582624,4.0
CHEMBL3343037,24400.0
CHEMBL4645407,3.5
CHEMBL4528699,420.0
CHEMBL4283847,1770.0
CHEMBL3918584,1000.0
CHEMBL3622525,85.0
CHEMBL4113628,1.7
CHEMBL4112750,2.8
CHEMBL4109995,6.4
CHEMBL3944928,3.4
CHEMBL3965584,1.7
CHEMBL4114108,3.1
CHEMBL3925564,1.7
CHEMBL4110171,3.3
CHEMBL4107284,1.8
CHEMBL4109217,2.3
CHEMBL3977557,4.6
CHEMBL3898670,100.0
CHEMBL3972360,100.0
CHEMBL4111572,12.0
CHEMBL3936996,100.0
CHEMBL4115108,2.9
CHEMBL3956292,1000.0
CHEMBL3925792,3769.0
CHEMBL3940329,4169.0
CHEMBL4799481,10000.0
CHEMBL3941904,1000.0
CHEMBL3353210,100.0
CHEMBL3353204,16.0
CHEMBL3978540,1000.0
CHEMBL3949446,1000.0
CHEMBL3353200,2.6
CHEMBL208116,4500.0
CHEMBL208667,30000.0
CHEMBL209202,1000.0
CHEMBL3586498,67.0
CHEMBL3924141,3698.0
CHEMBL3980233,3395.0
CHEMBL3928306,1000.0
CHEMBL3982232,177.0
CHEMBL3972219,1000.0
CHEMBL3972248,1000.0
CHEMBL4278882,22.0
CHEMBL4108684,3.3
CHEMBL404473,10.0
CHEMBL4592457,30.0
CHEMBL4570072,30.0
CHEMBL4108381,92.0
CHEMBL3965265,98.0
CHEMBL3931877,2849.0
CHEMBL3891363,100.0
CHEMBL3586510,83.0
CHEMBL3936790,23.0
CHEMBL4108757,11.8
CHEMBL3586504,85.0
CHEMBL3586509,7.0
CHEMBL4109251,2246.0
CHEMBL4108814,2.8
CHEMBL4115314,27.0
CHEMBL4115029,14.0
CHEMBL3901226,301.0
CHEMBL3907736,3.3
CHEMBL3622516,7.2
CHEMBL3933655,271.0
CHEMBL4108513,694.0
CHEMBL3622518,187.0
CHEMBL3622523,79.0
CHEMBL4061227,66.0
CHEMBL4550566,20000.0
CHEMBL4080656,840.0
CHEMBL4064608,5.0
CHEMBL3361252,490.0
CHEMBL4075333,2100.0
CHEMBL4111756,1400.0
CHEMBL4089379,59.0
CHEMBL4110722,1.6
CHEMBL4097847,8400.0
CHEMBL4111965,466.0
CHEMBL3403450,403000.0
CHEMBL3892790,100.0
CHEMBL4110283,16.6
CHEMBL3634614,25.0
CHEMBL3951282,100.0
CHEMBL3890904,1000.0
CHEMBL3976036,100.0
CHEMBL3936469,100.0
CHEMBL3957868,100.0
CHEMBL4112444,3.3
CHEMBL4115117,3.3
CHEMBL4107486,23.0
CHEMBL4113747,0.9
CHEMBL3931506,1000.0
CHEMBL4112769,13.3
CHEMBL4109857,19.0
CHEMBL4107379,11.0
CHEMBL3961117,290.0
CHEMBL4114571,22.0
CHEMBL3945695,1000.0
CHEMBL4114255,21.0
CHEMBL4070214,250.0
CHEMBL3953074,100.0
CHEMBL4112564,89.0
CHEMBL3908895,1200.0
CHEMBL4107481,15.0
CHEMBL4111939,5.0
CHEMBL4111358,45.0
CHEMBL4114259,145.0
CHEMBL4110735,7.0
CHEMBL3586503,40.0
CHEMBL4110996,24.0
CHEMBL3893206,150.0
CHEMBL3899755,100.0
CHEMBL4108414,220.0
CHEMBL3970117,1000.0
CHEMBL3958640,1000.0
CHEMBL3949661,100.0
CHEMBL3914393,1000.0
CHEMBL3916738,1000.0
CHEMBL3953368,100.0
CHEMBL4108358,50.0
CHEMBL4110735,4.3
CHEMBL3921439,795.0
CHEMBL3929293,12.0
CHEMBL3915121,35.0
CHEMBL3951560,100.0
CHEMBL4112653,16.0
CHEMBL3353208,100.0
CHEMBL3353189,0.24
CHEMBL4112539,7.4
CHEMBL4063472,12.0
CHEMBL4110155,9.6
CHEMBL3892729,13.0
CHEMBL3963673,1700.0
CHEMBL3977868,8100.0
CHEMBL3924798,100.0
CHEMBL4110685,6.1
CHEMBL4109113,2.5
CHEMBL3894449,100.0
CHEMBL3892422,812.8
CHEMBL3586506,100.0
CHEMBL4109106,1693.0
CHEMBL4114568,2000.0
CHEMBL3967770,24.0
CHEMBL3622529,847.0
CHEMBL3968849,100.0
CHEMBL3955381,2280.0
CHEMBL3263640,50000.0
CHEMBL4779374,57.0
CHEMBL3943129,1000.0
CHEMBL4473656,187.0
CHEMBL4473472,128.0
CHEMBL3909411,2949.0
CHEMBL3900596,1000.0
CHEMBL3928663,2144.0
CHEMBL3972442,1000.0
CHEMBL3958889,4655.0
CHEMBL2022373,1423.0
CHEMBL4746200,
CHEMBL3904732,10.0
CHEMBL3944798,18.0
CHEMBL3891037,10.3
CHEMBL4787247,9.0
CHEMBL4111216,15.6
CHEMBL4112570,4.1
CHEMBL4107060,13.8
CHEMBL3634506,2.5
CHEMBL3948096,1000.0
CHEMBL3909791,766.0
CHEMBL3972016,100.0
CHEMBL3914986,1000.0
CHEMBL3741589,10000.0
CHEMBL4791581,1.3
CHEMBL4112802,1.5
CHEMBL4111100,17.0
CHEMBL4115189,3.6
CHEMBL3916413,5.3
CHEMBL4290222,94.0
CHEMBL3634381,0.5
CHEMBL3945782,1000.0
CHEMBL3911370,255.0
CHEMBL3959696,2200.0
CHEMBL3960163,1000.0
CHEMBL3622528,454.0
CHEMBL3970164,4900.0
CHEMBL4107689,54.0
CHEMBL4111214,340.0
CHEMBL3892709,390.0
CHEMBL3899809,100.0
CHEMBL3916631,4.6
CHEMBL3586495,100.0
CHEMBL4284323,234.42
CHEMBL4292700,354.81
CHEMBL4111055,3.7
CHEMBL4290222,94.0
CHEMBL4108607,21.0
CHEMBL4107909,17.0
CHEMBL3967745,1000.0
CHEMBL3884319,10000.0
CHEMBL4112526,864.0
CHEMBL4106665,1.2
CHEMBL4108028,3.8
CHEMBL4106523,6.3
CHEMBL4286802,363.08
CHEMBL3899909,100.0
CHEMBL3908966,100.0
CHEMBL3987115,7651.0
CHEMBL3894394,100.0
CHEMBL4109207,1.6
CHEMBL4280559,20.0
CHEMBL4110619,3.2
CHEMBL3921810,1.4
CHEMBL4112394,3.2
CHEMBL4111012,3.1
CHEMBL4107389,3.3
CHEMBL4112867,3.0
CHEMBL3914366,5.6
CHEMBL3987067,26.4
CHEMBL3912316,100.0
CHEMBL4108815,2500.0
CHEMBL4114583,520.0
CHEMBL4111811,1474.0
CHEMBL3934248,2.8
CHEMBL3901125,960.7
CHEMBL3924209,1.9
CHEMBL4107905,19.4
CHEMBL4109180,25.0
CHEMBL3920200,100.0
CHEMBL3889847,4647.0
CHEMBL3908856,100.0
CHEMBL3622525,333.0
CHEMBL3978235,4302.0
CHEMBL3904807,100.0
CHEMBL3943924,8087.0
CHEMBL3962309,4011.0
CHEMBL3918974,100.0
CHEMBL3962911,474.0
CHEMBL3979848,613.0
CHEMBL4097847,4265.8
CHEMBL4115629,2.4
CHEMBL4108784,6.5
CHEMBL4107578,4.5
CHEMBL4115586,1.9
CHEMBL4108427,7.1
CHEMBL4113934,4.3
CHEMBL4112370,23.2
CHEMBL3900127,338.0
CHEMBL3948538,2.6
CHEMBL4114846,1.9
CHEMBL4107195,43.0
CHEMBL4115542,2.6
CHEMBL3908695,5.6
CHEMBL4108005,140.0
CHEMBL3922407,100.0
CHEMBL3936414,26.0
CHEMBL4089379,6.0
CHEMBL4114030,5.2
CHEMBL3986395,10.5
CHEMBL4112662,8.5
CHEMBL3901331,9.2
CHEMBL4439253,350.0
CHEMBL4107511,1.9
CHEMBL3902828,1.1
CHEMBL4109646,3.2
CHEMBL4110348,2.9
CHEMBL4789541,5.2
CHEMBL4762550,3.8
CHEMBL4749904,2.4
CHEMBL3954582,100.0
CHEMBL3960537,31.0
CHEMBL4279192,4.0
CHEMBL3634384,38.0
CHEMBL3979633,3.0
CHEMBL3902455,24.0
CHEMBL3930442,24.0
CHEMBL3951842,29.0
CHEMBL4111974,2.1
CHEMBL4108324,5.3
CHEMBL4111555,8900.0
CHEMBL3353213,100.0
CHEMBL4283847,1778.28
CHEMBL4288305,33.11
CHEMBL3622185,972.0
CHEMBL4107171,17.0
CHEMBL3970853,359.0
CHEMBL4108950,6.0
CHEMBL4112861,10.0
CHEMBL4113113,792.0
CHEMBL3903386,1600.0
CHEMBL4106730,12.5
CHEMBL4110192,8.8
CHEMBL4107847,260.0
CHEMBL4109845,12.0
CHEMBL3957973,1000.0
CHEMBL3892790,100.0
CHEMBL3590482,62.0
CHEMBL4114042,110.0
CHEMBL4115548,300.0
CHEMBL4108981,7.0
CHEMBL4114262,654.0
CHEMBL3934248,3.2
CHEMBL3977526,1600.0
CHEMBL3935887,1000.0
CHEMBL2381116,1100.0
CHEMBL4112330,85.0
CHEMBL4113721,450.0
CHEMBL4114417,35.0
CHEMBL4109853,872.0
CHEMBL4112758,11.0
CHEMBL4112018,11.0
CHEMBL3901315,5.0
CHEMBL4108856,284.0
CHEMBL3919163,177.0
CHEMBL3909577,137.0
CHEMBL3933937,1000.0
CHEMBL3940677,1000.0
CHEMBL3948235,1000.0
CHEMBL4112572,9.0
CHEMBL4114351,14.0
CHEMBL3892745,1000.0
CHEMBL4115260,660.0
CHEMBL4280028,1202.26
CHEMBL4293607,21.0
CHEMBL4286802,87.1
CHEMBL4290222,420.0
CHEMBL4106558,30.9
CHEMBL3622187,1686.0
CHEMBL4109108,7.0
CHEMBL4109437,3.3
CHEMBL4069060,1500.0
CHEMBL4108787,5.3
CHEMBL4086115,270.0
CHEMBL4761018,2.3
CHEMBL1945559,10000.0
CHEMBL4109597,1.9
CHEMBL4110867,2.5
CHEMBL4113645,2.7
CHEMBL4113443,5.8
CHEMBL3908153,1.5
CHEMBL5091399,13.0
CHEMBL3974894,1000.0
CHEMBL3895084,1000.0
CHEMBL4780247,1000.0
CHEMBL4799791,77.0
CHEMBL4097778,1000.0
CHEMBL4633251,21.0
CHEMBL4641090,100.0
CHEMBL4293993,10000.0
CHEMBL4648225,24.0
CHEMBL3586511,100.0
CHEMBL210194,400.0
CHEMBL4746543,1000.0
CHEMBL4757221,1000.0
CHEMBL3909778,33.0
CHEMBL3917117,1000.0
CHEMBL4107103,3.7
CHEMBL4115046,12.6
CHEMBL3343045,30000.0
CHEMBL3938296,564.0
CHEMBL3960718,100.0
CHEMBL3955427,100.0
CHEMBL3622530,93.0
CHEMBL3622527,121.0
CHEMBL4114460,1.2
CHEMBL3918603,100.0
CHEMBL3923780,1000.0
CHEMBL3951256,100.0
CHEMBL3986973,1000.0
CHEMBL3927769,2310.0
CHEMBL3958152,49.0
CHEMBL3957910,5000.0
CHEMBL3973751,1000.0
CHEMBL4789126,1488.0
CHEMBL4743091,2.8
CHEMBL4559539,5000.0
CHEMBL4435482,2197.0
CHEMBL4546753,5000.0
CHEMBL4800602,170.0
CHEMBL4782761,176.0
CHEMBL3951115,1000.0
CHEMBL3622521,354.0
CHEMBL210658,4000.0
CHEMBL3910160,1000.0
CHEMBL3984259,1000.0
CHEMBL3982170,1000.0
CHEMBL3586499,1000.0
CHEMBL3917931,100.0
CHEMBL4111310,4.4
CHEMBL3899414,100.0
CHEMBL4115090,13.9
CHEMBL4108617,2.8
CHEMBL4280559,19.5
CHEMBL4636136,1200.0
CHEMBL4763127,
CHEMBL4520118,56.0
CHEMBL4434908,191.0
CHEMBL3914726,9417.0
CHEMBL4106779,32.0
CHEMBL3898909,4.5
CHEMBL4756721,4.8
CHEMBL3913888,2.7
CHEMBL3590481,6.0
CHEMBL3938085,1000.0
CHEMBL3903890,2748.0
CHEMBL3889839,76.0
CHEMBL482709,1189.0
CHEMBL3942826,1000.0
CHEMBL4115149,4.8
CHEMBL3986533,3.3
CHEMBL3942146,50.0
CHEMBL4107570,11.4
CHEMBL377801,4000.0
CHEMBL3910394,4.0
CHEMBL4112508,3457.0
CHEMBL3955423,4.7
CHEMBL3942315,1000.0
CHEMBL3927390,100.0
CHEMBL4112779,196.0
CHEMBL3936809,100.0
CHEMBL3986051,5205.0
CHEMBL3971526,1000.0
CHEMBL4090409,300.0
CHEMBL3923977,5.1
CHEMBL4108089,12.0
CHEMBL4109866,1.8
CHEMBL3889742,1.7
CHEMBL3917746,8.4
CHEMBL4112812,4.0
CHEMBL3905289,4.5
CHEMBL4108104,4.4
CHEMBL4113524,8.7
CHEMBL4109034,2.6
CHEMBL3955922,1000.0
CHEMBL3949459,6.7
CHEMBL4471452,200.0
CHEMBL3927317,5.9
CHEMBL4114115,1.5
CHEMBL3634382,25.0
CHEMBL3634508,5.0
CHEMBL3938766,6.2
CHEMBL426133,13600.0
CHEMBL209118,6500.0
CHEMBL209715,12000.0
CHEMBL209716,2000.0
CHEMBL209075,3000.0
CHEMBL209820,4000.0
CHEMBL210983,500.0
CHEMBL4282412,97.72
CHEMBL4292700,13489.63
CHEMBL4758887,360.0
CHEMBL4798349,113.0
CHEMBL4799896,36.7
CHEMBL4776227,160.0
CHEMBL3986164,14.8
CHEMBL4107087,1.8
CHEMBL4106715,2.4
CHEMBL4114212,4.3
CHEMBL3920482,3.5
CHEMBL4106687,10.1
CHEMBL4111235,3.5
CHEMBL3937404,100.0
CHEMBL3953525,12.0
CHEMBL3963677,1000.0
CHEMBL3952937,370.0
CHEMBL4460458,1300.0
CHEMBL3906500,100.0
CHEMBL3975370,1553.0
CHEMBL4531013,130.0
CHEMBL3900568,100.0
CHEMBL3894494,100.0
CHEMBL3978471,1000.0
CHEMBL4549667,1000.0
CHEMBL4111657,57.0
CHEMBL3900682,3.8
CHEMBL3923273,6.5
CHEMBL3954623,1000.0
CHEMBL3967229,10.7
CHEMBL3892637,52.0
CHEMBL3980609,136.0
CHEMBL3965787,1000.0
CHEMBL3900682,5.8
CHEMBL3931420,1000.0
CHEMBL3922501,100.0
CHEMBL5093825,8.0
CHEMBL3926826,231.0
CHEMBL3967335,1000.0
CHEMBL3976249,1000.0
CHEMBL3343033,30000.0
CHEMBL3890521,1000.0
CHEMBL3923236,2203.0
CHEMBL4106712,5.5
CHEMBL3929117,100.0
CHEMBL3980882,100.0
CHEMBL3959174,1000.0
CHEMBL4112700,63.0
CHEMBL3894089,1000.0
CHEMBL3971750,1000.0
CHEMBL3916129,1000.0
CHEMBL3903627,1000.0
CHEMBL3586509,100.0
CHEMBL3900405,1000.0
CHEMBL3907425,459.0
CHEMBL4790895,505.0
CHEMBL4789918,2.0
CHEMBL4783351,31.7
CHEMBL4069378,1200.0
CHEMBL3945929,506.0
CHEMBL4755398,62.5
CHEMBL4114949,2.2
CHEMBL3960537,31.0
CHEMBL3939338,254.0
CHEMBL3920995,432.0
CHEMBL4112058,2.6
CHEMBL3891376,6.1
CHEMBL3940896,2961.0
CHEMBL3941016,1000.0
CHEMBL3946350,1000.0
CHEMBL3586494,1000.0
CHEMBL4089619,121.0
CHEMBL3634615,0.7
CHEMBL3634380,20.0
CHEMBL4752693,14000.0
CHEMBL4797475,8.3
CHEMBL4786242,10000.0
CHEMBL4113715,459.0
CHEMBL4114443,72.0
CHEMBL3978447,6.6
CHEMBL3947754,3.6
CHEMBL4115438,590.0
CHEMBL3353197,1.8
CHEMBL3894727,575.9
CHEMBL3969713,100.0
CHEMBL3909526,1000.0
CHEMBL4115236,15.7
CHEMBL3622511,542.0
CHEMBL3973605,1000.0
CHEMBL3945877,100.0
CHEMBL3891636,4.8
CHEMBL4114135,10.8
CHEMBL3962443,19.8
CHEMBL4108543,1.7
CHEMBL4112912,2.4
CHEMBL4109233,1.3
CHEMBL4110422,3.1
CHEMBL3954359,5.7
CHEMBL3973407,25.4
CHEMBL1439445,2200.0
CHEMBL3586486,61.0
CHEMBL3586489,310.0
CHEMBL4290202,1995.26
CHEMBL3622516,141.0
CHEMBL3622530,580.0
CHEMBL4113532,10.3
CHEMBL4108657,8.6
CHEMBL4741488,233.0
CHEMBL4761304,460.0
CHEMBL4792398,2000.0
CHEMBL4799896,2000.0
CHEMBL4782761,
CHEMBL4743091,
CHEMBL4761337,47.0
CHEMBL4745104,58.7
CHEMBL4793479,19.0
CHEMBL4790192,740.0
CHEMBL4780798,130.0
CHEMBL4112120,9.7
CHEMBL4107330,19.6
CHEMBL590109,10000.0
CHEMBL4793633,38.0
CHEMBL4790504,397.0
CHEMBL4757687,8.0
CHEMBL4742305,10.3
CHEMBL4104802,34.0
CHEMBL4069890,400.0
CHEMBL388978,6.19
CHEMBL103667,30000.0
CHEMBL4644871,12.0
CHEMBL3922334,3.6
CHEMBL3900602,5.3
CHEMBL3955658,1000.0
CHEMBL4108510,1.3
CHEMBL4759406,2000.0
CHEMBL4067341,21.0
CHEMBL4065667,5.0
CHEMBL4068127,10.0
CHEMBL4095514,13.0
CHEMBL4447180,101.0
CHEMBL4436908,307.0
CHEMBL255503,10000.0
CHEMBL4649636,8.7
CHEMBL3590487,10.0
CHEMBL4064106,50.0
CHEMBL4645368,730.0
CHEMBL3403441,24.0
CHEMBL4114283,16.0
CHEMBL3926860,1000.0
CHEMBL3896123,3545.0
CHEMBL3937335,1000.0
CHEMBL4107607,11.8
CHEMBL256570,1.0
CHEMBL4466517,170.0
CHEMBL437208,39.0
CHEMBL256345,10000.0
CHEMBL258025,8100.0
CHEMBL256734,1156.0
CHEMBL403662,160.0
CHEMBL4111238,15.7
CHEMBL3981196,100.0
CHEMBL3946035,1619.0
CHEMBL3922067,1633.0
CHEMBL3981649,100.0
CHEMBL3932526,1000.0
CHEMBL4109374,38.0
CHEMBL3940306,2256.0
CHEMBL3969172,2419.0
CHEMBL3948919,9.0
CHEMBL4287208,609.0
CHEMBL4107994,1.8
CHEMBL4112434,1.0
CHEMBL4537124,3452.0
CHEMBL3951794,6.9
CHEMBL4091434,9.0
CHEMBL3962848,1000.0
CHEMBL3960537,31.0
CHEMBL482522,1934.0
CHEMBL3918899,100.0
CHEMBL3923791,3.6
CHEMBL4109694,16.6
CHEMBL3353218,100.0
CHEMBL2018068,240.0
CHEMBL4067302,160.0
CHEMBL1650551,640.0
CHEMBL256961,9.0
CHEMBL3934160,1000.0
CHEMBL3925304,101.0
CHEMBL3939266,8673.0
CHEMBL3934835,1000.0
CHEMBL3966402,1000.0
CHEMBL3890299,5.0
CHEMBL4441283,30.0
CHEMBL4115525,17.4
CHEMBL4107260,153.0
CHEMBL3903061,1000.0
CHEMBL3909414,1000.0
CHEMBL3976959,2200.0
CHEMBL3920387,1000.0
CHEMBL3903671,100.0
CHEMBL3893657,1000.0
CHEMBL3908722,1000.0
CHEMBL3956904,1000.0
CHEMBL3900908,1000.0
CHEMBL3954648,100.0
CHEMBL3944644,1000.0
CHEMBL3622183,25.0
CHEMBL3622514,43.0
CHEMBL4109005,2.8
CHEMBL4113763,3.0
CHEMBL3622516,27.0
CHEMBL4108247,380.0
CHEMBL3955522,25.0
CHEMBL4107588,74.0
CHEMBL3590436,150.0
CHEMBL3403449,333000.0
CHEMBL4085199,16.8
CHEMBL3909061,1000.0
CHEMBL3932829,1000.0
CHEMBL3917961,28.0
CHEMBL3920485,100.0
CHEMBL4113337,2.5
CHEMBL3944351,6.7
CHEMBL4107849,12.0
CHEMBL4110658,4.5
CHEMBL3955009,100.0
CHEMBL4790504,
CHEMBL3590484,480.0
CHEMBL4109995,8.9
CHEMBL4114343,12.6
CHEMBL4113386,63.0
CHEMBL3964473,4305.0
CHEMBL2381601,1100.0
CHEMBL258853,2800.0
CHEMBL257125,3400.0
CHEMBL4113637,9.5
CHEMBL3586487,390.0
CHEMBL256917,710.0
CHEMBL257366,1600.0
CHEMBL4642013,2.4
CHEMBL4112958,6.7
CHEMBL4115026,45.0
CHEMBL3909500,180.0
CHEMBL4114137,19.0
CHEMBL3622185,1162.0
CHEMBL4066705,6.5
CHEMBL4647594,19.0
CHEMBL4784665,3.6
CHEMBL3897686,100.0
CHEMBL3353219,1.0
CHEMBL3959961,1000.0
CHEMBL3946548,33.0
CHEMBL3969501,1000.0
CHEMBL3923938,1471.0
CHEMBL3900252,100.0
CHEMBL3969222,53.0
CHEMBL4114655,1000.0
CHEMBL3940314,100.0
CHEMBL3898083,100.0
CHEMBL3951493,1000.0
CHEMBL3622183,25.0
CHEMBL4781524,96.0
CHEMBL3958308,100.0
CHEMBL3958620,1000.0
CHEMBL3898402,430.0
CHEMBL4093475,630.96
CHEMBL3904136,1.4
CHEMBL3958009,9.3
CHEMBL4636136,5.7
CHEMBL4639599,15.0
CHEMBL4064608,52.0
CHEMBL4115086,10.7
CHEMBL3932554,7.8
CHEMBL4112547,10.7
CHEMBL4115627,1.5
CHEMBL3902828,1.7
CHEMBL3918335,3045.0
CHEMBL3343057,30000.0
CHEMBL4115518,4.7
CHEMBL4293607,141.0
CHEMBL3343051,30000.0
CHEMBL4285338,45.0
CHEMBL4293161,8500.0
CHEMBL4791626,0.55
CHEMBL4764582,125.0
CHEMBL4782801,8.6
CHEMBL1834657,10000.0
CHEMBL4453861,35.0
CHEMBL3979848,
CHEMBL4569648,
CHEMBL4460055,250.0
CHEMBL4783351,989.0
CHEMBL4110426,74.0
CHEMBL4107813,1.5
CHEMBL4567291,
CHEMBL4290202,1990.0
CHEMBL4294631,42.0
CHEMBL4107284,3.5
CHEMBL4112434,1.3
CHEMBL4113503,23.0
CHEMBL3622520,36.0
CHEMBL3898966,25.3
CHEMBL4463353,20000.0
CHEMBL3914855,3.9
CHEMBL4107090,14.4
CHEMBL4466092,330.0
CHEMBL4583622,279.0
CHEMBL4548760,6.0
CHEMBL3951199,5.3
CHEMBL4111498,1.3
CHEMBL3970825,5.1
CHEMBL4112124,21.0
CHEMBL4284323,236.0
CHEMBL4113542,2.1
CHEMBL3941496,580.0
CHEMBL4106632,190.0
CHEMBL4545955,1582.0
CHEMBL3906640,13.1
CHEMBL4077863,13.0
CHEMBL3921909,8.0
CHEMBL4106949,1.8
CHEMBL4472363,30.0
CHEMBL3923644,1000.0
CHEMBL3951199,3.6
CHEMBL4110386,3000.0
CHEMBL4108358,120.0
CHEMBL4112969,78.0
CHEMBL4087063,4.0
CHEMBL4061890,2118.0
CHEMBL4114010,2.8
CHEMBL4109957,139.0
CHEMBL4645368,
CHEMBL4643871,480.0
CHEMBL4639599,
CHEMBL4642013,810.0
CHEMBL3902184,1600.0
CHEMBL3985891,3000.0
CHEMBL3920512,100.0
CHEMBL3897735,100.0
CHEMBL4645368,9.3
CHEMBL4644871,
CHEMBL3622512,18.0
CHEMBL3963416,799.0
CHEMBL3903828,6.2
CHEMBL3622188,352.0
CHEMBL4109064,10.0
CHEMBL4114134,512.0
CHEMBL4115559,2.1
CHEMBL3954291,6.8
CHEMBL4748475,11.0
CHEMBL4788562,
CHEMBL4757687,
CHEMBL4783351,696.0
CHEMBL4763990,4.5
CHEMBL4643871,2.4
CHEMBL260007,10000.0
CHEMBL4569508,210.0
CHEMBL4462969,1200.0
CHEMBL4079743,11.0
CHEMBL4107485,433.0
CHEMBL4107194,46.0
CHEMBL3963873,763.8
CHEMBL3949446,1000.0
CHEMBL3622518,19.0
CHEMBL4093120,12.7
CHEMBL4641090,3.2
CHEMBL4634922,3.4
CHEMBL4641886,650.0
CHEMBL4109047,7.6
CHEMBL3978710,4.9
CHEMBL4110865,450.0
CHEMBL3982860,230.0
CHEMBL4523017,74.0
CHEMBL4112425,191.0
CHEMBL3928207,43.0
CHEMBL4109278,24.0
CHEMBL3949920,244.0
CHEMBL4079743,2900.0
CHEMBL4518357,190.0
CHEMBL4107224,4.1
CHEMBL3948840,7.8
CHEMBL4112923,19.0
CHEMBL4112188,2300.0
CHEMBL3909465,100.0
CHEMBL3957189,40.0
CHEMBL4111747,66.0
CHEMBL4107335,1802.0
CHEMBL3622527,121.0
CHEMBL3931304,5327.0
CHEMBL4110364,8.0
CHEMBL4102532,40.0
CHEMBL4069224,82.0
CHEMBL3353202,6.0
CHEMBL3586505,27.0
CHEMBL3890485,11.2
CHEMBL3961524,9.2
CHEMBL4113034,4.1
CHEMBL4109550,1.7
CHEMBL3931326,1000.0
CHEMBL3892921,24.5
CHEMBL4114067,226.0
CHEMBL4113284,3.5
CHEMBL4108062,6.7
CHEMBL4109689,5.7
CHEMBL3982186,4.8
CHEMBL3907661,12.0
CHEMBL3932942,11.2
CHEMBL3622516,27.5
CHEMBL3976316,100.0
CHEMBL3586487,1000.0
CHEMBL3902377,251.0
CHEMBL3986164,14.8
CHEMBL4107911,1.2
CHEMBL4110098,2.3
CHEMBL3984663,3.0
CHEMBL4107673,6.9
CHEMBL4107887,42.0
CHEMBL3927487,100.0
CHEMBL4113003,17.9
CHEMBL3622184,635.0
CHEMBL4106614,4.0
CHEMBL4113443,4.0
CHEMBL4113585,5.2
CHEMBL3930748,3.3
CHEMBL4115161,1.4
CHEMBL3950483,100.0
CHEMBL3890249,3.1
CHEMBL3965902,1000.0
CHEMBL3968119,675.9
CHEMBL4108417,327.0
CHEMBL4108784,11.4
CHEMBL4110095,4.3
CHEMBL3944795,167.0
CHEMBL3922205,100.0
CHEMBL3952231,1000.0
CHEMBL3984189,1000.0
CHEMBL3936851,1000.0
CHEMBL3962404,100.0
CHEMBL3946452,100.0
CHEMBL3924029,100.0
CHEMBL3978837,1000.0
CHEMBL3919757,1000.0
CHEMBL3914235,1000.0
CHEMBL3985571,1000.0
CHEMBL3908242,1000.0
CHEMBL4093989,55000.0
CHEMBL4092338,133.0
CHEMBL4100091,347.0
CHEMBL4113814,22.5
CHEMBL4089544,16.0
CHEMBL3921734,1000.0
CHEMBL4115189,2.3
CHEMBL3920407,615.8
CHEMBL3955819,327.0
CHEMBL4784784,140.0
CHEMBL4115124,40.0
CHEMBL4111880,17.3
CHEMBL3910109,3.4
CHEMBL4111673,17.5
CHEMBL4113932,4664.0
CHEMBL4108170,1000.0
CHEMBL4109668,31.0
CHEMBL210354,1000.0
CHEMBL379787,200.0
CHEMBL4783351,270.0
CHEMBL4760206,58.5
CHEMBL3753450,430.0
CHEMBL3939893,23.0
CHEMBL4110783,1.5
CHEMBL4115463,3.3
CHEMBL4108625,10.0
CHEMBL4111088,2.7
CHEMBL4113582,2.1
CHEMBL4106613,1.0
CHEMBL4064608,4.0
CHEMBL4064168,810.0
CHEMBL3622186,1487.0
CHEMBL3601187,89.0
CHEMBL3601084,2107.0
CHEMBL3601193,113.0
CHEMBL4743058,7800.0
CHEMBL4278882,36.0
CHEMBL4068975,180.0
CHEMBL4081634,13.0
CHEMBL3343034,30000.0
CHEMBL4075758,690.0
CHEMBL4108191,7.1
CHEMBL3586501,71.0
CHEMBL3343048,30000.0
CHEMBL4087806,10.0
CHEMBL3938166,1000.0
CHEMBL3894684,1000.0
CHEMBL4107413,636.0
CHEMBL3622186,1487.0
CHEMBL3968413,100.0
CHEMBL3974126,1000.0
CHEMBL3601192,0.74
CHEMBL4114295,23.0
CHEMBL4112827,8.4
CHEMBL4110611,26.6
CHEMBL3622532,73.0
CHEMBL388978,34.0
CHEMBL4111056,4.1
CHEMBL4108172,2.2
CHEMBL4112273,2.0
CHEMBL4111430,8.1
CHEMBL4110605,1.6
CHEMBL3622515,134.8
CHEMBL4109600,3.7
CHEMBL4108659,2.3
CHEMBL4114483,4.8
CHEMBL3893092,431.0
CHEMBL4109605,10.0
CHEMBL4107471,9.0
CHEMBL4109155,7.3
CHEMBL3622514,43.0
CHEMBL3361257,100.0
CHEMBL3353207,100.0
CHEMBL401633,1.0
CHEMBL255867,2.0
CHEMBL4112885,110.0
CHEMBL3921623,5.0
CHEMBL3982704,4.3
CHEMBL3917833,780.0
CHEMBL4108331,24.0
CHEMBL4109650,8.0
CHEMBL256713,20.0
CHEMBL255253,914.0
CHEMBL4110461,9.5
CHEMBL4109175,25.0
CHEMBL3963318,100.0
CHEMBL3975254,3.0
CHEMBL3622524,2429.0
CHEMBL3622521,354.0
CHEMBL4059675,15.0
CHEMBL4108325,1.5
CHEMBL3985561,1.4
CHEMBL4107964,7.1
CHEMBL2018055,170.0
CHEMBL4113907,60.0
CHEMBL4113184,2.5
CHEMBL4107281,3.4
CHEMBL3586490,370.0
CHEMBL3953084,4848.0
CHEMBL4443947,0.022
CHEMBL3971842,1000.0
CHEMBL3927995,100.0
CHEMBL4081711,2.0
CHEMBL4466981,0.32
CHEMBL4475494,0.19
CHEMBL4111866,7.0
CHEMBL3590472,20.0
CHEMBL3590473,8.0
CHEMBL3590490,13.0
CHEMBL3904526,1000.0
CHEMBL4111001,8.0
CHEMBL3822972,18.0
CHEMBL3903725,10000.0
CHEMBL4579427,33.0
CHEMBL3922728,1224.0
CHEMBL3933884,2253.0
CHEMBL3976860,787.0
CHEMBL3940643,1000.0
CHEMBL4114391,21.0
CHEMBL4114416,180.0
CHEMBL3586510,100.0
CHEMBL3590480,2.0
CHEMBL3601189,25.0
CHEMBL3601070,216.0
CHEMBL3590517,6.0
CHEMBL210774,1000.0
CHEMBL3601188,94.0
CHEMBL3601186,11.0
CHEMBL4112221,450.0
CHEMBL4111400,4.0
CHEMBL3949384,100.0
CHEMBL3586510,5.0
CHEMBL3946723,1000.0
CHEMBL4113223,5.3
CHEMBL4110771,150.0
CHEMBL4114603,185.0
CHEMBL4110934,210.0
CHEMBL4108284,170.0
CHEMBL3906814,2200.0
CHEMBL4113237,2.9
CHEMBL3954452,2.5
CHEMBL3925280,6.1
CHEMBL4115108,2.3
CHEMBL4113648,730.0
CHEMBL3914563,2.7
CHEMBL4109340,180.0
CHEMBL3586496,180.0
CHEMBL3601085,932.0
CHEMBL4106801,1.2
CHEMBL4111578,2.6
CHEMBL4115670,15.1
CHEMBL4111152,3.0
CHEMBL4107169,3.1
CHEMBL4106447,1.9
CHEMBL4106756,1.7
CHEMBL3948538,2.6
CHEMBL4112012,70.0
CHEMBL3910846,7.1
CHEMBL4112199,330.0
CHEMBL4110862,1.2
CHEMBL4107218,100.0
CHEMBL3922946,798.0
CHEMBL4467170,38.0
CHEMBL4785023,23.5
CHEMBL3353212,100.0
CHEMBL3969867,4133.0
CHEMBL3903995,1000.0
CHEMBL4115108,2.5
CHEMBL4112231,15.3
CHEMBL4110222,5.7
CHEMBL3902407,476.0
CHEMBL3909110,512.0
CHEMBL3353205,2.0
CHEMBL3353186,100.0
CHEMBL4106743,2.3
CHEMBL4108199,4759.0
CHEMBL3897519,1000.0
CHEMBL3952402,100.0
CHEMBL3926943,100.0
CHEMBL3634613,7.0
CHEMBL3634381,10.0
CHEMBL3622518,1900.0
CHEMBL3907051,69.0
CHEMBL3947085,312.0
CHEMBL3924734,314.0
CHEMBL3634379,5.0
CHEMBL3622529,565.0
CHEMBL3622528,454.0
CHEMBL3403442,1140.0
CHEMBL4649636,640.0
CHEMBL4649875,290.0
CHEMBL4634922,370.0
CHEMBL4643371,8.0
CHEMBL377125,4000.0
CHEMBL3601185,4.0
CHEMBL1270399,1800.0
CHEMBL3353191,1.8
CHEMBL4288880,446.0
CHEMBL4278882,195.0
CHEMBL4068395,10.0
CHEMBL4288288,738.0
CHEMBL3586493,80.0
CHEMBL4285338,331.0
CHEMBL4067181,82.0
CHEMBL1650533,8.0
CHEMBL4288880,446.68
CHEMBL3601078,6.0
CHEMBL4108601,113.0
CHEMBL3969406,6516.0
CHEMBL255445,63.0
CHEMBL4758572,2000.0
CHEMBL2017214,40000.0
CHEMBL259797,800.0
CHEMBL4108507,10.7
CHEMBL4556091,0.026
CHEMBL4790546,
CHEMBL4787177,
CHEMBL4754306,198.0
CHEMBL4113064,3.4
CHEMBL4110704,4.3
CHEMBL4483551,25.0
CHEMBL4094760,570.0
CHEMBL4102501,2.0
CHEMBL4086115,9.0
CHEMBL4291706,1513.56
CHEMBL4536154,1.2
CHEMBL3590493,1.0
CHEMBL4459066,150.0
CHEMBL4634634,100000.0
CHEMBL3590478,0.3
CHEMBL3924317,100.0
CHEMBL3903182,4047.0
CHEMBL4282348,1650.0
CHEMBL4091013,11.0
CHEMBL4079819,2400.0
CHEMBL3909063,100.0
CHEMBL4106577,57.0
CHEMBL3890086,100.0
CHEMBL3909327,100.0
CHEMBL3963633,1000.0
CHEMBL3891503,70.0
CHEMBL4096351,1600.0
CHEMBL4078222,38.0
CHEMBL3956976,5.1
CHEMBL388978,4.21
CHEMBL3593777,1000.0
CHEMBL4078625,42.0
CHEMBL4521212,9.0
CHEMBL4111375,10.3
CHEMBL4105582,23000.0
CHEMBL4087705,1700.0
CHEMBL4091013,75.0
CHEMBL4760206,2.7
CHEMBL4791469,104.0
CHEMBL4445579,2.5
CHEMBL4741772,170.0
CHEMBL4784181,570.0
CHEMBL4466517,400.0
CHEMBL4445098,0.1
CHEMBL3361255,1.3
CHEMBL3403444,4700.0
CHEMBL4064608,51.0
CHEMBL4081502,34.0
CHEMBL4078625,3.0
CHEMBL4094760,3100.0
CHEMBL3928854,6.2
CHEMBL3914423,4.4
CHEMBL4112550,5123.0
CHEMBL4524299,0.29
CHEMBL3601196,14.0
CHEMBL4095514,3000.0
CHEMBL3984144,1.5
CHEMBL3590488,1.0
CHEMBL3590479,0.2
CHEMBL3403447,1193000.0
CHEMBL4070515,2.7
CHEMBL4113534,1300.0
CHEMBL4107317,13.0
CHEMBL3961880,180.0
CHEMBL3403438,20000.0
CHEMBL3403446,20000.0
CHEMBL4112772,450.0
CHEMBL4461516,53.0
CHEMBL3586511,2.0
CHEMBL3634505,0.8
CHEMBL3634508,0.9
CHEMBL4251324,10000.0
CHEMBL3948951,1000.0
CHEMBL3634501,3.0
CHEMBL3634511,0.7
CHEMBL3970676,1000.0
CHEMBL3601186,94.0
CHEMBL4550702,64.0
CHEMBL407821,2400.0
CHEMBL4070214,46.0
CHEMBL1232515,8.0
CHEMBL4539647,1.0
CHEMBL4455718,37.0
CHEMBL3920277,100.0
CHEMBL3947284,22.1
CHEMBL4059465,4100.0
CHEMBL3634510,0.2
CHEMBL3356117,30000.0
CHEMBL3601072,4.0
CHEMBL3601198,9510.0
CHEMBL3601191,155.0
CHEMBL3601190,44.0
CHEMBL3601080,12.0
CHEMBL3955046,1000.0
CHEMBL3601070,27.0
CHEMBL3896654,4.1
CHEMBL4109051,16.0
CHEMBL3933904,4.1
CHEMBL4077215,13.0
CHEMBL4087806,1300.0
CHEMBL4085735,29.0
CHEMBL4110138,62.0
CHEMBL4745378,190.0
CHEMBL3957438,2226.0
CHEMBL3964751,97.0
CHEMBL4108237,13.6
CHEMBL4108910,3.7
CHEMBL3942281,15.5
CHEMBL4779593,4900.0
CHEMBL4791281,1000.0
CHEMBL3973052,8.4
CHEMBL3910861,19.5
CHEMBL3931566,534.0
CHEMBL4108780,18.0
CHEMBL3952252,100.0
CHEMBL3937694,2047.0
CHEMBL3906006,1000.0
CHEMBL3926861,477.0
CHEMBL3945308,875.0
CHEMBL3936227,1000.0
CHEMBL3590479,0.2
CHEMBL3622511,490.0
CHEMBL3622188,352.0
CHEMBL3950976,2221.0
CHEMBL3622518,19.0
CHEMBL3941139,53.0
CHEMBL3953652,13.5
CHEMBL4110250,2.9
CHEMBL4093910,50.0
CHEMBL4075333,1200.0
CHEMBL3943272,5941.0
CHEMBL3979646,7.8
CHEMBL3934570,1000.0
CHEMBL3931740,100.0
CHEMBL4093475,1400.0
CHEMBL4081502,540.0
CHEMBL3906519,100.0
CHEMBL3894958,100.0
CHEMBL3892984,436.0
CHEMBL4109195,20.0
CHEMBL3943689,100.0
CHEMBL3897697,3796.0
CHEMBL3893767,2311.0
CHEMBL3901110,100.0
CHEMBL3947203,1000.0
CHEMBL3938253,100.0
CHEMBL2022711,1219.0
CHEMBL4109253,3.5
CHEMBL255272,70.0
CHEMBL255098,216.0
CHEMBL5094876,10.0
CHEMBL4088438,120.0
CHEMBL4089379,6.166
CHEMBL3904543,1000.0
CHEMBL3914020,1000.0
CHEMBL5091019,14.0
CHEMBL3897604,1000.0
CHEMBL4113046,330.0
CHEMBL4111300,280.0
CHEMBL3912863,100.0
CHEMBL4109087,690.0
CHEMBL4109565,12.0
CHEMBL4115220,5621.0
CHEMBL4109570,200.0
CHEMBL4113079,250.0
CHEMBL4070214,7.0
CHEMBL4483477,97.0
CHEMBL4085735,5.0
CHEMBL3353206,138.0
CHEMBL4536303,478.0
CHEMBL4518357,533.0
CHEMBL4446042,2725.0
CHEMBL4466893,261.0
CHEMBL4750612,
CHEMBL4776639,
CHEMBL4456105,5000.0
CHEMBL4782731,514.0
CHEMBL4777409,6.5
CHEMBL4452936,56.0
CHEMBL4763127,1600.0
CHEMBL4747510,375.0
CHEMBL4779374,256.0
CHEMBL4068127,1600.0
CHEMBL4448950,0.099
CHEMBL4462890,
CHEMBL4282348,1659.59
CHEMBL3634614,1.0
CHEMBL3634616,0.4
CHEMBL4290222,416.87
CHEMBL4778668,10000.0
CHEMBL3403455,1000.0
CHEMBL4286802,361.0
CHEMBL3904350,2738.0
CHEMBL3960624,1000.0
CHEMBL2381601,1500.0
CHEMBL4288305,359.0
CHEMBL5088588,4.0
CHEMBL4060699,35.0
CHEMBL4067181,3.0
CHEMBL4080574,2.0
CHEMBL4276955,69.0
CHEMBL4072239,1800.0
CHEMBL4745104,7.7
CHEMBL4648225,
CHEMBL4101649,9.0
CHEMBL4790546,2000.0
CHEMBL3361252,140.0
CHEMBL4087063,35.0
CHEMBL4079194,300.0
CHEMBL4797475,110.0
CHEMBL3735448,150.0
CHEMBL1650545,1000.0
CHEMBL4106933,13.1
CHEMBL4108168,8.0
CHEMBL4106997,9.6
CHEMBL4106902,6.8
CHEMBL4113687,10.5
CHEMBL4524886,230.0
CHEMBL3947682,5.5
CHEMBL3931002,2.3
CHEMBL4288305,33.0
CHEMBL4280559,140.0
CHEMBL4280559,138.04
CHEMBL4290202,207.0
CHEMBL4764582,5.7
CHEMBL3965205,8.7
CHEMBL4111056,10.6
CHEMBL4063689,4.571
CHEMBL4106870,1.0
CHEMBL4114476,3.6
CHEMBL4752190,10000.0
CHEMBL3958762,218.0
CHEMBL3980247,100.0
CHEMBL3343052,30000.0
CHEMBL3966782,100.0
CHEMBL3961746,100.0
CHEMBL4746921,
CHEMBL4528699,122.0
CHEMBL4641886,5.2
CHEMBL4632511,
CHEMBL3898528,100.0
CHEMBL4106466,851.0
CHEMBL3982323,720.0
CHEMBL4647594,2900.0
CHEMBL4641886,410.0
CHEMBL4642013,230.0
CHEMBL3634379,44.0
CHEMBL4438027,60.0
CHEMBL4643371,1700.0
CHEMBL4464832,53.0
CHEMBL4096246,10000.0
CHEMBL3622518,4200.0
CHEMBL4648225,6900.0
CHEMBL3897856,1000.0
CHEMBL3931431,1000.0
CHEMBL3917340,22.9
CHEMBL3894436,1000.0
CHEMBL4112464,9.3
CHEMBL4789200,1700.0
CHEMBL4060298,470.0
CHEMBL4108187,3.3
CHEMBL3958335,6561.0
CHEMBL3926919,100.0
CHEMBL3982787,1000.0
CHEMBL3929903,361.0
CHEMBL4112226,5.9
CHEMBL3894173,6.5
CHEMBL3975532,300.0
CHEMBL4075955,4.7
CHEMBL4793398,8.7
CHEMBL500069,456.0
CHEMBL4582179,21.0
CHEMBL4459066,38.0
CHEMBL3963886,1.6
CHEMBL4276946,100000.0
CHEMBL3634380,1.0
CHEMBL3622513,67.0
CHEMBL3622512,78.0
CHEMBL3622532,100.0
CHEMBL4754408,3.7
CHEMBL4647567,900.0
CHEMBL4648202,2800.0
CHEMBL4649875,1100.0
CHEMBL380009,30000.0
CHEMBL3913349,2465.0
CHEMBL3984346,24.0
CHEMBL3893606,3.3
CHEMBL4294631,42.66
CHEMBL4282348,78.0
CHEMBL4556866,48.0
CHEMBL4113092,4.1
CHEMBL4115019,1.9
CHEMBL3950656,41.0
CHEMBL4515682,60.0
CHEMBL4474636,8.0
CHEMBL3590476,6.0
CHEMBL4582624,46.0
CHEMBL4438228,69.0
CHEMBL4548760,130.0
CHEMBL3601192,55.0
CHEMBL3634378,40.0
CHEMBL4109711,12.1
CHEMBL4109175,225.0
CHEMBL3634506,3.0
CHEMBL3634510,20.0
CHEMBL3634511,9.0
CHEMBL3393607,10000.0
CHEMBL4569547,56.0
CHEMBL5083561,320.0
CHEMBL3353211,100.0
CHEMBL4782804,10000.0
CHEMBL3634378,2.0
CHEMBL4294035,804.0
CHEMBL4294035,812.83
CHEMBL1739550,56.0
CHEMBL4785986,12.5
CHEMBL5085200,18.0
CHEMBL3981674,49.0
CHEMBL3958291,1000.0
CHEMBL4294023,16.0
CHEMBL3969158,1000.0
CHEMBL3955114,100.0
CHEMBL3890971,203.0
CHEMBL3601071,3.0
CHEMBL5073141,25.0
CHEMBL4747690,2600.0
CHEMBL3590486,4.0
CHEMBL3590489,23.0
CHEMBL4109670,6.1
CHEMBL3946151,15.7
CHEMBL3971885,739.0
CHEMBL3985685,100.0
CHEMBL3947045,1050.0
CHEMBL4107384,13.0
CHEMBL4108811,6.2
CHEMBL5075213,368.0
CHEMBL4110610,5.3
CHEMBL3917215,1000.0
CHEMBL3936975,1000.0
CHEMBL4111135,2261.0
CHEMBL4108994,11.9
CHEMBL3634383,3.0
CHEMBL5075301,2.0
CHEMBL5085979,10.0
CHEMBL5079990,5.0
CHEMBL4109283,27.0
CHEMBL4114946,22.0
CHEMBL4110735,3.4
CHEMBL4110735,3.0
CHEMBL3622530,114.0
CHEMBL4113859,3.5
CHEMBL3980604,3.4
CHEMBL4763746,1000.0
CHEMBL3590471,95.0
CHEMBL3403437,2570.0
CHEMBL3353194,5.3
CHEMBL4788568,840.0
CHEMBL4753038,10000.0
CHEMBL3894869,1000.0
CHEMBL3935941,1000.0
CHEMBL3942404,1000.0
CHEMBL3951041,100.0
CHEMBL3979995,1000.0
CHEMBL3586494,150.0
CHEMBL4647567,290.0
CHEMBL4648202,570.0
CHEMBL4644871,
CHEMBL4643371,12000.0
CHEMBL3590437,9200.0
CHEMBL2385543,26000.0
CHEMBL3586502,100.0
CHEMBL4649636,210.0
CHEMBL4290222,93.33
CHEMBL4107116,2.6
CHEMBL3929267,65.0
CHEMBL3634615,12.0
CHEMBL4109711,36.0
CHEMBL3933431,100.0
CHEMBL3622525,85.0
CHEMBL3403451,3012000.0
CHEMBL3651966,10000.0
CHEMBL3314140,30000.0
CHEMBL4293607,141.25
CHEMBL5087312,19.0
CHEMBL3586499,2100.0
CHEMBL3634503,2.0
CHEMBL4094760,570.0
CHEMBL3590477,0.8
CHEMBL3634504,1.0
CHEMBL3634507,1.0
CHEMBL4794821,7.7
CHEMBL4784487,9.3
CHEMBL3590477,12.0
CHEMBL3634382,1.0
CHEMBL3634504,17.0
CHEMBL3634507,24.0
CHEMBL259375,4800.0
CHEMBL4110998,14.7
CHEMBL4108464,2.4
CHEMBL3955569,16.3
CHEMBL4115550,17.5
CHEMBL3974245,1600.0
CHEMBL3900478,330.0
CHEMBL3983974,780.0
CHEMBL4097418,23.0
CHEMBL4747510,41.0
CHEMBL4645407,1160.0
CHEMBL4778492,40.8
CHEMBL4784830,1000.0
CHEMBL4780218,49.7
CHEMBL4798725,1000.0
CHEMBL3353185,100.0
CHEMBL3586485,44.0
CHEMBL4799763,1000.0
CHEMBL3634513,1.0
CHEMBL3353184,100.0
CHEMBL3353220,8.0
CHEMBL5082351,2.0
CHEMBL3798011,1000.0
CHEMBL3906601,100.0
CHEMBL3905346,1000.0
CHEMBL3975182,100.0
CHEMBL3892724,110.0
CHEMBL3601083,852.0
CHEMBL3601185,87.0
CHEMBL4750066,70.7
CHEMBL4568087,23.0
CHEMBL3950439,1000.0
CHEMBL3935363,455.0
CHEMBL3954918,3461.0
CHEMBL3924130,29.0
CHEMBL3905205,1000.0
CHEMBL4463887,5000.0
CHEMBL4466563,542.0
CHEMBL4467839,1100.0
CHEMBL3912499,1000.0
CHEMBL3972673,11.0
CHEMBL4434908,477.0
CHEMBL4109402,3.0
CHEMBL4780605,65.5
CHEMBL5084495,25.0
CHEMBL4108104,5.0
CHEMBL5074470,1.9
CHEMBL5088802,1.5
CHEMBL4788995,80.3
CHEMBL3634513,26.0
CHEMBL3932684,54.0
CHEMBL3933351,10.4
CHEMBL3977923,18.6
CHEMBL3914855,4.6
CHEMBL4107855,2.4
CHEMBL4110687,5.5
CHEMBL4109707,8.5
CHEMBL3894635,8.3
CHEMBL4114915,5.8
CHEMBL4110124,2.1
CHEMBL4108854,4.7
CHEMBL4106804,1.0
CHEMBL4110216,1.5
CHEMBL3938824,3.3
CHEMBL4091434,0.5
CHEMBL4093120,0.3
CHEMBL3954925,3.4
CHEMBL3981034,5.2
CHEMBL4113092,2.3
CHEMBL3974589,1000.0
CHEMBL3973807,3.5
CHEMBL3975254,1.8
CHEMBL4108575,1.0
CHEMBL3947755,2.6
CHEMBL4112418,4.8
CHEMBL4107696,2.1
CHEMBL4115545,15.2
CHEMBL4581832,17.0
CHEMBL3897707,8.9
CHEMBL3973967,13.4
CHEMBL4290202,208.93
CHEMBL3586506,20.0
CHEMBL3586500,280.0
CHEMBL379985,400.0
CHEMBL4537890,7.2
CHEMBL4468790,0.38
CHEMBL210887,150.0
CHEMBL4762381,443.0
CHEMBL4109510,167.0
CHEMBL3983208,15.0
CHEMBL4112080,2403.0
CHEMBL4109344,81.0
CHEMBL3976387,2800.0
CHEMBL4108838,40.0
CHEMBL380097,6500.0
CHEMBL377259,800.0
CHEMBL210822,2000.0
CHEMBL210714,30000.0
CHEMBL3893544,11.1
CHEMBL4111627,2.5
CHEMBL4796463,1000.0
CHEMBL3900811,6.9
CHEMBL4109750,20.0
CHEMBL4107529,2.6
CHEMBL3964003,6.0
CHEMBL4113086,180.0
CHEMBL4106474,4500.0
CHEMBL3922141,7.5
CHEMBL3985083,3.9
CHEMBL4083655,37.1
CHEMBL4108791,8.0
CHEMBL4107459,5.0
CHEMBL3940600,130.0
CHEMBL4113923,923.0
CHEMBL4113207,7.8
CHEMBL4107134,1.7
CHEMBL3925452,4.1
CHEMBL4472720,4381.0
CHEMBL4523017,169.0
CHEMBL4784692,17.5
CHEMBL3590478,0.3
CHEMBL3621219,11.0
CHEMBL3590492,3.0
CHEMBL3590485,21.0
CHEMBL4798892,260.0
CHEMBL4447180,259.0
CHEMBL4475493,3649.0
CHEMBL4534461,212.0
CHEMBL4552628,3000.0
CHEMBL4545898,0.081
CHEMBL4288305,363.08
CHEMBL4570872,1605.0
CHEMBL3948538,3.3
CHEMBL4112374,2.2
CHEMBL4112023,7.1
CHEMBL3919803,12.4
CHEMBL3911840,4.4
CHEMBL4111058,2.8
CHEMBL4114850,2.6
CHEMBL3951199,6.1
CHEMBL3943142,14.9
CHEMBL3907387,3.5
CHEMBL4115550,18.2
CHEMBL3983180,8.5
CHEMBL3916413,8.1
CHEMBL3898994,6.2
CHEMBL4111861,1.9
CHEMBL4107752,2.8
CHEMBL4114234,141.0
CHEMBL4108523,6.8
CHEMBL4107511,1.9
CHEMBL3947682,5.5
CHEMBL4113937,3.7
CHEMBL4632511,7.0
CHEMBL4634922,920.0
CHEMBL3403452,1081000.0
CHEMBL3403453,42000.0
CHEMBL3403454,1000.0
CHEMBL4061493,146.0
CHEMBL4092338,4.6
CHEMBL4075552,115.0
CHEMBL3353206,32.0
CHEMBL4061801,87.1
CHEMBL4084228,52.1
CHEMBL3920766,13.0
CHEMBL3949690,4.7
CHEMBL4115033,2.2
CHEMBL3900682,1.7
CHEMBL4781702,10000.0
CHEMBL3586505,100.0
CHEMBL3930843,6559.0
CHEMBL3951738,133.0
CHEMBL3948588,1000.0
CHEMBL3901586,1000.0
CHEMBL3942073,100.0
CHEMBL3936270,15.9
CHEMBL3974236,156.0
CHEMBL4115098,26.0
CHEMBL4108677,2.1
CHEMBL3934549,5.9
CHEMBL4112814,2.9
CHEMBL3983043,3.8
CHEMBL3945800,1.8
CHEMBL3984714,1000.0
CHEMBL3976077,81.0
CHEMBL4112477,4.1
CHEMBL4112067,14.2
CHEMBL3931480,6.8
CHEMBL4086053,30000.0
CHEMBL4113892,2.8
CHEMBL4114306,1.6
CHEMBL4115121,1.8
CHEMBL4784448,10000.0
CHEMBL3353196,2.8
CHEMBL3352825,5.6
CHEMBL3955028,7337.0
CHEMBL3905240,100.0
CHEMBL4079234,58.0
CHEMBL3925181,1000.0
CHEMBL3361254,7.5
CHEMBL4520946,0.2
CHEMBL3932601,1000.0
CHEMBL4110098,1.8
CHEMBL210366,2000.0
CHEMBL208743,30000.0
CHEMBL4750822,2000.0
CHEMBL4539647,400.0
CHEMBL4109721,2000.0
CHEMBL4113183,62.0
CHEMBL4115050,13.0
CHEMBL4747796,1000.0
CHEMBL4742305,102.5
CHEMBL3634613,0.3
CHEMBL4111157,138.0
CHEMBL3976860,
CHEMBL4758114,1500.0
CHEMBL4799964,52.2
CHEMBL4791626,55.0
CHEMBL4782801,128.0
CHEMBL4782731,16.7
CHEMBL4798349,
CHEMBL4761337,730.0
CHEMBL4780645,2000.0
CHEMBL4777489,1400.0
CHEMBL3353217,100.0
CHEMBL4107316,4.8
CHEMBL4078222,2.0
CHEMBL4063127,250.0
CHEMBL4763804,10000.0
CHEMBL4757434,1000.0
CHEMBL4744403,1000.0
CHEMBL4097847,4300.0
CHEMBL4777817,1000.0
CHEMBL4749598,170.0
CHEMBL4080574,58.0
CHEMBL4075333,270.0
CHEMBL4081502,8.0
CHEMBL4741488,24.6
CHEMBL3353199,0.32
CHEMBL4778959,220.0
CHEMBL4748045,340.0
CHEMBL3353214,100.0
CHEMBL4102501,42.0
CHEMBL3900722,717.0
CHEMBL3897287,1000.0
CHEMBL3960060,833.0
CHEMBL3899780,1000.0
CHEMBL3964132,100.0
CHEMBL3937953,3083.0
CHEMBL3937950,6.6
CHEMBL4788562,797.0
CHEMBL4790506,5.0
CHEMBL4111012,3.1
CHEMBL3922475,2.4
CHEMBL4114474,11.8
CHEMBL4115626,550.0
CHEMBL3940395,640.0
CHEMBL4114246,537.0
CHEMBL3922099,1000.0
CHEMBL3970139,11.4
CHEMBL3919364,5.6
CHEMBL4108659,7.7
CHEMBL4110840,1.1
CHEMBL4110746,3.4
CHEMBL4112023,2.8
CHEMBL4748082,55.4
CHEMBL3935695,3.2
CHEMBL3971525,27.0
CHEMBL3622513,67.0
CHEMBL4106833,93.6
CHEMBL4114620,6.5
CHEMBL3906831,564.2
CHEMBL4112534,5.6
CHEMBL4108971,151.0
CHEMBL4115519,5.6
CHEMBL4112396,6.2
CHEMBL4781999,32.3
CHEMBL3967068,7.0
CHEMBL4283453,2340.0
CHEMBL4286802,88.0
CHEMBL4278882,22.0
CHEMBL3964623,100.0
CHEMBL4114884,3147.0
CHEMBL4796558,3.6
CHEMBL4757349,9.0
CHEMBL4757094,42.0
CHEMBL4111716,158.0
CHEMBL4111648,6.9
CHEMBL4115332,1691.0
CHEMBL3622523,79.0
CHEMBL4551768,98.0
CHEMBL4576141,170.0
CHEMBL4111164,169.0
CHEMBL4784270,1000.0
CHEMBL4112884,4.5
CHEMBL4111161,17.0
CHEMBL4536517,2.1
CHEMBL4459509,140.0
CHEMBL4077215,63.0
CHEMBL4085199,0.6
CHEMBL4097089,280.0
CHEMBL3959468,2626.0
CHEMBL4112994,213.5
CHEMBL4292700,358.0
CHEMBL4106852,1114.0
CHEMBL4283453,671.0
CHEMBL4112161,7.0
CHEMBL4063127,99.0
CHEMBL4568894,0.11
CHEMBL4291706,1530.0
CHEMBL4288288,741.31
CHEMBL4278882,194.98
CHEMBL3962169,100.0
CHEMBL3905293,76.0
CHEMBL4085735,4.786
CHEMBL3919293,306.0
CHEMBL3892251,1000.0
CHEMBL3972075,100.0
CHEMBL3891709,1000.0
CHEMBL4069890,190.0
CHEMBL4750630,3.5
CHEMBL4789126,
CHEMBL3353195,1.5
CHEMBL3361258,100.0
CHEMBL3353216,100.0
CHEMBL4781524,223.0
CHEMBL4800602,
CHEMBL4746200,128.0
CHEMBL4777489,10.6
CHEMBL4776639,2000.0
CHEMBL4069060,2500.0
CHEMBL4783351,514.0
CHEMBL5079737,5.0
CHEMBL4748154,59.0
CHEMBL4761884,47.0
CHEMBL3911443,13.4
CHEMBL5090869,179.0
CHEMBL4109280,2.7
CHEMBL4111561,3.3
CHEMBL4110810,2.8
CHEMBL3956425,1.7
CHEMBL4109707,11.7
CHEMBL3913330,10.0
CHEMBL4113240,14.2
CHEMBL4109739,1.9
CHEMBL3895880,5.3
CHEMBL3945800,4.4
CHEMBL4779496,44.0
CHEMBL3894977,6.0
CHEMBL5084123,12.0
CHEMBL5091192,6.0
CHEMBL5094640,3.0
CHEMBL3900669,1803.0
CHEMBL4746921,309.0
CHEMBL4112990,8.0
CHEMBL4113392,27.0
CHEMBL4108188,3.5
CHEMBL4109952,2.4
CHEMBL4113624,3.2
CHEMBL5087642,1.6
CHEMBL3889905,100.0
CHEMBL3970164,4900.0
CHEMBL4750612,202.0
CHEMBL4106577,5400.0
CHEMBL3964745,10.0
CHEMBL4111280,1.3
CHEMBL4115128,180.0
CHEMBL3971772,300.0
CHEMBL3957950,55.0
CHEMBL3985495,670.0
CHEMBL3957399,330.0
CHEMBL3622513,292.0
CHEMBL4110834,1.1
CHEMBL3986991,13.3
CHEMBL4113871,3.1
CHEMBL3900615,3900.0
CHEMBL4115048,1830.0
CHEMBL4107665,2.2
CHEMBL3986782,4.5
CHEMBL4115268,2.7
CHEMBL4111891,16.8
CHEMBL4113269,17.4
CHEMBL4754306,34.8
CHEMBL4109434,1.7
CHEMBL4466517,460.0
CHEMBL4110394,14.0
CHEMBL4568867,76.0
CHEMBL4474664,20000.0
CHEMBL4518559,66.0
CHEMBL4064661,840.0
CHEMBL4061801,3.7
CHEMBL4075552,4.8
CHEMBL4100091,7.6
CHEMBL4064661,
CHEMBL5094956,2.0
CHEMBL4113269,8.9
CHEMBL3946848,10.0
CHEMBL207464,550.0
CHEMBL4106963,440.0
CHEMBL3622515,135.0
CHEMBL4111171,892.0
CHEMBL3977494,2.0
CHEMBL197603,25000.0
CHEMBL3590477,0.8
CHEMBL4110754,14.7
CHEMBL4109478,90.0
CHEMBL4112383,100.0
CHEMBL377654,30000.0
CHEMBL3932139,4.9
CHEMBL4113026,380.0
CHEMBL4780645,
CHEMBL5071152,10.0
CHEMBL4749646,1400.0
CHEMBL5077968,9.0
CHEMBL5094391,33.0
CHEMBL5090193,6.0
CHEMBL5082986,26.0
CHEMBL3936900,100.0
CHEMBL4798668,5600.0
CHEMBL3963960,100.0
CHEMBL5085436,103.0
CHEMBL5087788,5.0
CHEMBL3961723,5600.0
CHEMBL3908634,100.0
CHEMBL5076447,3.0
CHEMBL3901086,100.0
CHEMBL3921884,100.0
CHEMBL3586491,1000.0
CHEMBL3919434,100.0
CHEMBL5081576,37.0
CHEMBL3940487,100.0
CHEMBL3912320,1000.0
CHEMBL3920053,1000.0
CHEMBL4115149,2.2
CHEMBL4108427,4.9
CHEMBL4112724,3.3
CHEMBL4109831,2.5
CHEMBL4106938,3.9
CHEMBL3928721,100.0
CHEMBL4107151,11.0
CHEMBL4107519,197.0
CHEMBL4079819,4300.0
CHEMBL4787177,2000.0
CHEMBL3586496,1000.0
CHEMBL3893473,24.0
CHEMBL4109386,100.0
CHEMBL3903936,74.0
CHEMBL3909042,1000.0
CHEMBL3986993,1000.0
CHEMBL3944185,100.0
CHEMBL3928107,358.0
CHEMBL3622519,620.0
CHEMBL4472406,0.16
CHEMBL4107163,3.4
CHEMBL3622531,470.0
CHEMBL4114914,16.9
CHEMBL3942383,4.9
CHEMBL4109898,2.6
CHEMBL3933400,10.6
CHEMBL388978,4.51
CHEMBL4112528,1200.0
CHEMBL208166,2000.0
CHEMBL4115100,2.4
CHEMBL3946796,2.0
CHEMBL4762658,10000.0
CHEMBL208561,25000.0
CHEMBL4106530,270.0
CHEMBL4779139,1000.0
CHEMBL206991,1500.0
CHEMBL3957749,1000.0
CHEMBL4114244,1.9
CHEMBL208709,1000.0
CHEMBL5080176,26.0
CHEMBL3622519,620.0
CHEMBL3898529,255.0
CHEMBL4106733,250.0
CHEMBL4111167,26.4
CHEMBL3943289,6.2
CHEMBL3949060,4.8
CHEMBL3932227,13.6
CHEMBL4112163,36.7
CHEMBL4113995,2.0
CHEMBL4113432,2.6
CHEMBL3975410,100.0
CHEMBL4107826,13.2
CHEMBL4115196,57.0
CHEMBL4111862,20.0
CHEMBL3586492,1000.0
CHEMBL3622522,258.0
CHEMBL4108331,70.0
CHEMBL4107848,2.3
CHEMBL4111977,310.0
CHEMBL4113418,34.0
CHEMBL4088216,1000.0
CHEMBL4107475,14.0
CHEMBL3976033,7.0
CHEMBL3952777,4.1
CHEMBL4115508,5.0
CHEMBL4106923,554.0
CHEMBL3924274,4.5
CHEMBL4113185,6.2
CHEMBL3622526,450.0
CHEMBL3962227,340.0
CHEMBL5083433,1.5
CHEMBL256713,24.0
CHEMBL3926115,1000.0
CHEMBL3952093,1000.0
CHEMBL3946284,100.0
CHEMBL3936946,100.0
CHEMBL3940589,516.0
CHEMBL3903575,523.0
CHEMBL3962215,596.0
CHEMBL3983691,1000.0
CHEMBL3894857,100.0
CHEMBL3970564,1000.0
CHEMBL3915971,8361.0
CHEMBL3950362,1000.0
CHEMBL3945811,1000.0
CHEMBL3586511,100.0
CHEMBL3918045,493.0
CHEMBL3586486,100.0
CHEMBL3911353,1000.0
CHEMBL3937006,2062.0
CHEMBL3971677,1000.0
CHEMBL3902196,1000.0
CHEMBL3969785,100.0
CHEMBL3892202,100.0
CHEMBL3890937,100.0
CHEMBL4106868,100.0
CHEMBL5082615,11.0
CHEMBL3353208,100.0
CHEMBL3894435,1000.0
CHEMBL3920056,4.0
CHEMBL3892596,100.0
CHEMBL3982737,2237.0
CHEMBL3952668,7697.0
CHEMBL3892585,650.0
CHEMBL4754560,1000.0
CHEMBL3975355,100.0
CHEMBL3913530,1000.0
CHEMBL3964604,1000.0
